"id","confidence_level","confidence_value","order"
10478,"lower_CI",26.8,1
10478,"upper_CI",39.2,99998
10480,"lower_CI",35,3
10480,"upper_CI",49.8,99996
10481,"lower_CI",,5
10481,"upper_CI",,99994
10482,"lower_CI",,7
10482,"upper_CI",,99992
10483,"lower_CI",26.3,9
10483,"upper_CI",36.1,99990
10484,"lower_CI",2.2,11
10484,"upper_CI",6.2,99988
10487,"lower_CI",12.5,13
10487,"upper_CI",31.9,99986
10488,"lower_CI",2.6,15
10488,"upper_CI",8.8,99984
10489,"lower_CI",24.3,17
10489,"upper_CI",46.1,99982
10490,"lower_CI",18.5,19
10490,"upper_CI",36.1,99980
10491,"lower_CI",3,21
10491,"upper_CI",11.5,99978
10689,"lower_CI",8.1,23
10689,"upper_CI",15.1,99976
10690,"lower_CI",21,25
10690,"upper_CI",29.5,99974
10693,"lower_CI",42.9,27
10693,"upper_CI",56.8,99972
10695,"lower_CI",70.7,29
10695,"upper_CI",90.7,99970
10696,"lower_CI",89.2,31
10696,"upper_CI",97,99968
10699,"lower_CI",64.2,33
10699,"upper_CI",82.7,99966
10700,"lower_CI",5.7,35
10700,"upper_CI",16.2,99964
10701,"lower_CI",10,37
10701,"upper_CI",21.2,99962
10702,"lower_CI",49.9,39
10702,"upper_CI",66.7,99960
10707,"lower_CI",1.5,41
10707,"upper_CI",11.4,99958
10709,"lower_CI",74.3,43
10709,"upper_CI",84.5,99956
10378,"lower_CI",24,45
10378,"upper_CI",34.2,99954
10379,"lower_CI",24.6,47
10379,"upper_CI",35.9,99952
10380,"lower_CI",28.6,49
10380,"upper_CI",47.9,99950
10381,"lower_CI",22.1,51
10381,"upper_CI",39.7,99948
10382,"lower_CI",13.8,53
10382,"upper_CI",29.6,99946
10383,"lower_CI",26.7,55
10383,"upper_CI",38.8,99944
10384,"lower_CI",20.9,57
10384,"upper_CI",33.3,99942
10385,"lower_CI",21.6,59
10385,"upper_CI",34,99940
10386,"lower_CI",24.7,61
10386,"upper_CI",42.8,99938
10387,"lower_CI",32,63
10387,"upper_CI",42.9,99936
10388,"lower_CI",9.9,65
10388,"upper_CI",21,99934
10389,"lower_CI",20.5,67
10389,"upper_CI",34.4,99932
10390,"lower_CI",18.9,69
10390,"upper_CI",33.2,99930
10391,"lower_CI",26.7,71
10391,"upper_CI",44.1,99928
10392,"lower_CI",25.9,73
10392,"upper_CI",41,99926
10393,"lower_CI",19.3,75
10393,"upper_CI",33.5,99924
10394,"lower_CI",17.5,77
10394,"upper_CI",45.9,99922
10395,"lower_CI",31.3,79
10395,"upper_CI",44.6,99920
10396,"lower_CI",13.6,81
10396,"upper_CI",28.5,99918
10397,"lower_CI",23.9,83
10397,"upper_CI",41.6,99916
10398,"lower_CI",41,85
10398,"upper_CI",59,99914
10399,"lower_CI",15.7,87
10399,"upper_CI",41.9,99912
10400,"lower_CI",47.7,89
10400,"upper_CI",71.3,99910
10401,"lower_CI",38.7,91
10401,"upper_CI",65.4,99908
10402,"lower_CI",45.3,93
10402,"upper_CI",83.9,99906
10403,"lower_CI",29.2,95
10403,"upper_CI",58.5,99904
10404,"lower_CI",43.9,97
10404,"upper_CI",61.4,99902
10405,"lower_CI",44.4,99
10405,"upper_CI",63.8,99900
10406,"lower_CI",10.6,101
10406,"upper_CI",53.5,99898
10407,"lower_CI",35.3,103
10407,"upper_CI",55.2,99896
10408,"lower_CI",51.5,105
10408,"upper_CI",83.5,99894
10409,"lower_CI",36.4,107
10409,"upper_CI",65.8,99892
10410,"lower_CI",46.9,109
10410,"upper_CI",69.4,99890
10411,"lower_CI",29.7,111
10411,"upper_CI",57,99888
10412,"lower_CI",21,113
10412,"upper_CI",62,99886
10413,"lower_CI",40.3,115
10413,"upper_CI",62.7,99884
10414,"lower_CI",29,117
10414,"upper_CI",78.6,99882
10415,"lower_CI",28.4,119
10415,"upper_CI",53.9,99880
10416,"lower_CI",34.6,121
10416,"upper_CI",73.4,99878
10417,"lower_CI",36.9,123
10417,"upper_CI",76.6,99876
10418,"lower_CI",7.5,125
10418,"upper_CI",25.2,99874
10419,"lower_CI",9.6,127
10419,"upper_CI",23.8,99872
10420,"lower_CI",26.9,129
10420,"upper_CI",48.2,99870
10421,"lower_CI",7.5,131
10421,"upper_CI",25.2,99868
10422,"lower_CI",10.5,133
10422,"upper_CI",23.7,99866
10423,"lower_CI",53.1,135
10423,"upper_CI",71.4,99864
10424,"lower_CI",14.2,137
10424,"upper_CI",31.5,99862
10425,"lower_CI",9.3,139
10425,"upper_CI",26.1,99860
10426,"lower_CI",43.7,141
10426,"upper_CI",69.4,99858
10427,"lower_CI",17.4,143
10427,"upper_CI",38.5,99856
10428,"lower_CI",5.6,145
10428,"upper_CI",17.6,99854
10429,"lower_CI",31.8,147
10429,"upper_CI",55.1,99852
10430,"lower_CI",16.4,149
10430,"upper_CI",28,99850
10431,"lower_CI",10.2,151
10431,"upper_CI",27.4,99848
10432,"lower_CI",26.6,153
10432,"upper_CI",53,99846
10433,"lower_CI",8.7,155
10433,"upper_CI",33.8,99844
10434,"lower_CI",9.6,157
10434,"upper_CI",26.6,99842
10435,"lower_CI",45.4,159
10435,"upper_CI",70.4,99840
10436,"lower_CI",26.9,161
10436,"upper_CI",48.3,99838
10437,"lower_CI",11.4,163
10437,"upper_CI",21.5,99836
10438,"lower_CI",40.1,165
10438,"upper_CI",57.2,99834
10439,"lower_CI",12.7,167
10439,"upper_CI",26.3,99832
10440,"lower_CI",0.2,169
10440,"upper_CI",18,99830
10441,"lower_CI",41,171
10441,"upper_CI",64.2,99828
10442,"lower_CI",3.3,173
10442,"upper_CI",31,99826
10443,"lower_CI",0.7,175
10443,"upper_CI",21.5,99824
10444,"lower_CI",36,177
10444,"upper_CI",59.5,99822
10445,"lower_CI",14.1,179
10445,"upper_CI",29.4,99820
10446,"lower_CI",14,181
10446,"upper_CI",27.1,99818
10447,"lower_CI",36,183
10447,"upper_CI",59.5,99816
10448,"lower_CI",14.5,185
10448,"upper_CI",36.4,99814
10449,"lower_CI",4.7,187
10449,"upper_CI",30.1,99812
10450,"lower_CI",33,189
10450,"upper_CI",72,99810
10451,"lower_CI",14.7,191
10451,"upper_CI",26.7,99808
10452,"lower_CI",9.2,193
10452,"upper_CI",24.3,99806
10453,"lower_CI",27.9,195
10453,"upper_CI",46.8,99804
10454,"lower_CI",15.5,197
10454,"upper_CI",35.8,99802
10455,"lower_CI",7.7,199
10455,"upper_CI",23.1,99800
10456,"lower_CI",52.4,201
10456,"upper_CI",79.4,99798
10457,"lower_CI",13,203
10457,"upper_CI",26.3,99796
10458,"lower_CI",8.4,205
10458,"upper_CI",20,99794
10459,"lower_CI",36.5,207
10459,"upper_CI",54.6,99792
10460,"lower_CI",19.3,209
10460,"upper_CI",40.5,99790
10461,"lower_CI",13.9,211
10461,"upper_CI",28.6,99788
10462,"lower_CI",43.1,213
10462,"upper_CI",65.4,99786
10463,"lower_CI",10.3,215
10463,"upper_CI",25.7,99784
10464,"lower_CI",8.4,217
10464,"upper_CI",20,99782
10465,"lower_CI",33.5,219
10465,"upper_CI",59.9,99780
10466,"lower_CI",13.2,221
10466,"upper_CI",26.8,99778
10467,"lower_CI",11,223
10467,"upper_CI",27.1,99776
10468,"lower_CI",47.9,225
10468,"upper_CI",69,99774
10469,"lower_CI",16.6,227
10469,"upper_CI",32.9,99772
10470,"lower_CI",7.7,229
10470,"upper_CI",21.9,99770
10471,"lower_CI",34.5,231
10471,"upper_CI",58.6,99768
10472,"lower_CI",10.8,233
10472,"upper_CI",27.7,99766
10473,"lower_CI",8.2,235
10473,"upper_CI",27.6,99764
10474,"lower_CI",49.3,237
10474,"upper_CI",76.9,99762
10475,"lower_CI",16.6,239
10475,"upper_CI",29.1,99760
10476,"lower_CI",10.7,241
10476,"upper_CI",21.5,99758
10477,"lower_CI",35.7,243
10477,"upper_CI",54,99756
10071,"lower_CI",55.2,245
10071,"upper_CI",75.6,99754
10072,"lower_CI",39.2,247
10072,"upper_CI",53.4,99752
10073,"lower_CI",30.3,249
10073,"upper_CI",46,99750
10074,"lower_CI",21.9,251
10074,"upper_CI",46.8,99748
10075,"lower_CI",41.5,253
10075,"upper_CI",51.9,99746
10076,"lower_CI",46.3,255
10076,"upper_CI",67.6,99744
10077,"lower_CI",29.9,257
10077,"upper_CI",42.9,99742
10078,"lower_CI",25.5,259
10078,"upper_CI",41.8,99740
10079,"lower_CI",17.9,261
10079,"upper_CI",40.9,99738
10080,"lower_CI",34.7,263
10080,"upper_CI",44.4,99736
10081,"lower_CI",42.9,265
10081,"upper_CI",63.6,99734
10082,"lower_CI",25.5,267
10082,"upper_CI",38.6,99732
10083,"lower_CI",18.7,269
10083,"upper_CI",35.8,99730
10084,"lower_CI",10.8,271
10084,"upper_CI",33.9,99728
10085,"lower_CI",29.3,273
10085,"upper_CI",39.5,99726
10086,"lower_CI",3.3,275
10086,"upper_CI",7.7,99724
10087,"lower_CI",22.3,277
10087,"upper_CI",35.2,99722
10088,"lower_CI",2.6,279
10088,"upper_CI",7.4,99720
10089,"lower_CI",1,281
10089,"upper_CI",10.5,99718
10090,"lower_CI",21.8,283
10090,"upper_CI",38.2,99716
10091,"lower_CI",1.6,285
10091,"upper_CI",10.6,99714
10092,"lower_CI",0,287
10092,"upper_CI",3.9,99712
10093,"lower_CI",7.9,289
10093,"upper_CI",56.1,99710
10094,"lower_CI",0.3,291
10094,"upper_CI",14.5,99708
10095,"lower_CI",4.3,293
10095,"upper_CI",9,99706
10096,"lower_CI",17.6,295
10096,"upper_CI",34.8,99704
10097,"lower_CI",1.6,297
10097,"upper_CI",7.5,99702
10098,"lower_CI",0,299
10098,"upper_CI",10.3,99700
10099,"lower_CI",27.3,301
10099,"upper_CI",47.2,99698
10100,"lower_CI",0,303
10100,"upper_CI",2.6,99696
10101,"lower_CI",0,305
10101,"upper_CI",9.6,99694
10102,"lower_CI",0.1,307
10102,"upper_CI",20.2,99692
10103,"lower_CI",,309
10103,"upper_CI",,99690
10104,"lower_CI",,311
10104,"upper_CI",,99688
10105,"lower_CI",0,313
10105,"upper_CI",76.7,99686
10106,"lower_CI",0,315
10106,"upper_CI",15.2,99684
10107,"lower_CI",0,317
10107,"upper_CI",8.6,99682
10108,"lower_CI",18.6,319
10108,"upper_CI",46.6,99680
10109,"lower_CI",0,321
10109,"upper_CI",7.6,99678
10110,"lower_CI",0,323
10110,"upper_CI",7.4,99676
10111,"lower_CI",18.7,325
10111,"upper_CI",32.5,99674
10112,"lower_CI",0,327
10112,"upper_CI",10.4,99672
10113,"lower_CI",0,329
10113,"upper_CI",7.4,99670
10114,"lower_CI",1.1,331
10114,"upper_CI",44.3,99668
10115,"lower_CI",0,333
10115,"upper_CI",11.3,99666
10116,"lower_CI",0,335
10116,"upper_CI",9.9,99664
10117,"lower_CI",11.6,337
10117,"upper_CI",83.3,99662
10118,"lower_CI",3.9,339
10118,"upper_CI",11.7,99660
10119,"lower_CI",4.1,341
10119,"upper_CI",8.9,99658
10120,"lower_CI",21.4,343
10120,"upper_CI",34.3,99656
10121,"lower_CI",2.2,345
10121,"upper_CI",9.3,99654
10122,"lower_CI",1.1,347
10122,"upper_CI",8.7,99652
10123,"lower_CI",14.5,349
10123,"upper_CI",35.9,99650
10124,"lower_CI",0.4,351
10124,"upper_CI",4.1,99648
10125,"lower_CI",0.6,353
10125,"upper_CI",6.7,99646
10126,"lower_CI",18.8,355
10126,"upper_CI",34.7,99644
10127,"lower_CI",2.2,357
10127,"upper_CI",8.9,99642
10128,"lower_CI",18,359
10128,"upper_CI",8.5,99640
10129,"lower_CI",22.5,361
10129,"upper_CI",38.8,99638
10130,"lower_CI",1.7,363
10130,"upper_CI",7.9,99636
10131,"lower_CI",0,365
10131,"upper_CI",11.1,99634
10132,"lower_CI",24.1,367
10132,"upper_CI",53.5,99632
10133,"lower_CI",0,369
10133,"upper_CI",7.2,99630
10578,"lower_CI",18,371
10578,"upper_CI",27.8,99628
10579,"lower_CI",16.1,373
10579,"upper_CI",26.5,99626
10580,"lower_CI",12.3,375
10580,"upper_CI",22,99624
10581,"lower_CI",16.5,377
10581,"upper_CI",32.6,99622
10582,"lower_CI",18.3,379
10582,"upper_CI",32.7,99620
10583,"lower_CI",8.8,381
10583,"upper_CI",27.4,99618
10584,"lower_CI",19.1,383
10584,"upper_CI",45.3,99616
10585,"lower_CI",27.3,385
10585,"upper_CI",61.6,99614
10586,"lower_CI",0.7,387
10586,"upper_CI",25,99612
10587,"lower_CI",10.6,389
10587,"upper_CI",26.5,99610
10588,"lower_CI",6.3,391
10588,"upper_CI",22.1,99608
10589,"lower_CI",7.7,393
10589,"upper_CI",25.8,99606
10590,"lower_CI",8.8,395
10590,"upper_CI",37.5,99604
10591,"lower_CI",0,397
10591,"upper_CI",7.6,99602
10592,"lower_CI",5.9,399
10592,"upper_CI",44.1,99600
10593,"lower_CI",4.9,401
10593,"upper_CI",26.6,99598
10594,"lower_CI",0,403
10594,"upper_CI",55.5,99596
10595,"lower_CI",,405
10595,"upper_CI",,99594
10596,"lower_CI",15.5,407
10596,"upper_CI",41.7,99592
10597,"lower_CI",24.3,409
10597,"upper_CI",66.3,99590
10598,"lower_CI",0,411
10598,"upper_CI",7.6,99588
10599,"lower_CI",13.9,413
10599,"upper_CI",41.5,99586
10600,"lower_CI",10,415
10600,"upper_CI",31.6,99584
10601,"lower_CI",1.8,417
10601,"upper_CI",23.2,99582
10602,"lower_CI",14.3,419
10602,"upper_CI",23.3,99580
10603,"lower_CI",7,421
10603,"upper_CI",29,99578
10604,"lower_CI",0,423
10604,"upper_CI",14.1,99576
10605,"lower_CI",3.3,425
10605,"upper_CI",27.5,99574
10606,"lower_CI",7,427
10606,"upper_CI",30.7,99572
10607,"lower_CI",0,429
10607,"upper_CI",3.3,99570
10608,"lower_CI",16.8,431
10608,"upper_CI",20.3,99568
10609,"lower_CI",0,433
10609,"upper_CI",39.4,99566
10610,"lower_CI",40.8,435
10610,"upper_CI",42.3,99564
10611,"lower_CI",9.7,437
10611,"upper_CI",21.3,99562
10612,"lower_CI",5.7,439
10612,"upper_CI",16.3,99560
10613,"lower_CI",11.8,441
10613,"upper_CI",28.4,99558
10614,"lower_CI",10,443
10614,"upper_CI",28.9,99556
10615,"lower_CI",7.2,445
10615,"upper_CI",28.3,99554
10616,"lower_CI",8.5,447
10616,"upper_CI",20.7,99552
10617,"lower_CI",16.5,449
10617,"upper_CI",31.8,99550
10618,"lower_CI",18.3,451
10618,"upper_CI",36,99548
10619,"lower_CI",9.8,453
10619,"upper_CI",26.9,99546
10620,"lower_CI",15.7,455
10620,"upper_CI",26.5,99544
10621,"lower_CI",9.9,457
10621,"upper_CI",24,99542
10622,"lower_CI",6.4,459
10622,"upper_CI",19.6,99540
10623,"lower_CI",14.7,461
10623,"upper_CI",42.6,99538
10624,"lower_CI",11.8,463
10624,"upper_CI",37.8,99536
10625,"lower_CI",14.1,465
10625,"upper_CI",38.6,99534
10307,"lower_CI",38,467
10307,"upper_CI",44.7,99532
10308,"lower_CI",33.9,469
10308,"upper_CI",41.8,99530
10309,"lower_CI",42.1,471
10309,"upper_CI",55.3,99528
10310,"lower_CI",3.6,473
10310,"upper_CI",9.9,99526
10311,"lower_CI",4.3,475
10311,"upper_CI",9.8,99524
10312,"lower_CI",2.2,477
10312,"upper_CI",4.8,99522
10313,"lower_CI",53.4,479
10313,"upper_CI",61.1,99520
10314,"lower_CI",35.8,481
10314,"upper_CI",44.4,99518
10315,"lower_CI",1.5,483
10315,"upper_CI",3.8,99516
10316,"lower_CI",3.1,485
10316,"upper_CI",8.6,99514
10317,"lower_CI",5.2,487
10317,"upper_CI",8.5,99512
10318,"lower_CI",62.7,489
10318,"upper_CI",69.1,99510
10319,"lower_CI",21.3,491
10319,"upper_CI",29,99508
10320,"lower_CI",43.3,493
10320,"upper_CI",54.1,99506
10321,"lower_CI",77.1,495
10321,"upper_CI",85,99504
10322,"lower_CI",45.4,497
10322,"upper_CI",56.1,99502
10323,"lower_CI",3.5,499
10323,"upper_CI",11,99500
10324,"lower_CI",37.2,501
10324,"upper_CI",46.7,99498
10352,"lower_CI",,503
10352,"upper_CI",,99496
10353,"lower_CI",,505
10353,"upper_CI",,99494
10354,"lower_CI",,507
10354,"upper_CI",,99492
10355,"lower_CI",,509
10355,"upper_CI",,99490
10356,"lower_CI",,511
10356,"upper_CI",,99488
10357,"lower_CI",,513
10357,"upper_CI",,99486
10358,"lower_CI",,515
10358,"upper_CI",,99484
10359,"lower_CI",,517
10359,"upper_CI",,99482
10360,"lower_CI",,519
10360,"upper_CI",,99480
10361,"lower_CI",,521
10361,"upper_CI",,99478
10362,"lower_CI",,523
10362,"upper_CI",,99476
10363,"lower_CI",,525
10363,"upper_CI",,99474
10364,"lower_CI",,527
10364,"upper_CI",,99472
10365,"lower_CI",,529
10365,"upper_CI",,99470
10366,"lower_CI",,531
10366,"upper_CI",,99468
10367,"lower_CI",,533
10367,"upper_CI",,99466
10368,"lower_CI",,535
10368,"upper_CI",,99464
10369,"lower_CI",,537
10369,"upper_CI",,99462
10370,"lower_CI",,539
10370,"upper_CI",,99460
10371,"lower_CI",,541
10371,"upper_CI",,99458
10372,"lower_CI",,543
10372,"upper_CI",,99456
10373,"lower_CI",,545
10373,"upper_CI",,99454
10374,"lower_CI",,547
10374,"upper_CI",,99452
10375,"lower_CI",,549
10375,"upper_CI",,99450
10376,"lower_CI",,551
10376,"upper_CI",,99448
10377,"lower_CI",,553
10377,"upper_CI",,99446
10479,"lower_CI",28.5,555
10479,"upper_CI",35,99444
10485,"lower_CI",41.2,557
10485,"upper_CI",58.3,99442
10486,"lower_CI",43,559
10486,"upper_CI",60,99440
10492,"lower_CI",39.9,561
10492,"upper_CI",52.8,99438
10493,"lower_CI",19,563
10493,"upper_CI",31.5,99436
10494,"lower_CI",30.8,565
10494,"upper_CI",45.6,99434
10495,"lower_CI",26.6,567
10495,"upper_CI",39.2,99432
10496,"lower_CI",1.8,569
10496,"upper_CI",3.8,99430
10497,"lower_CI",43.1,571
10497,"upper_CI",57.8,99428
10498,"lower_CI",29.2,573
10498,"upper_CI",74.8,99426
10499,"lower_CI",21.3,575
10499,"upper_CI",33.2,99424
10500,"lower_CI",3,577
10500,"upper_CI",6.9,99422
10501,"lower_CI",23.3,579
10501,"upper_CI",29.8,99420
10502,"lower_CI",35.4,581
10502,"upper_CI",42.6,99418
10503,"lower_CI",4.5,583
10503,"upper_CI",9.5,99416
10504,"lower_CI",28,585
10504,"upper_CI",35.7,99414
10505,"lower_CI",37,587
10505,"upper_CI",53.3,99412
10506,"lower_CI",17,589
10506,"upper_CI",33.3,99410
10507,"lower_CI",28.2,591
10507,"upper_CI",45,99408
10508,"lower_CI",23,593
10508,"upper_CI",37.6,99406
10509,"lower_CI",43,595
10509,"upper_CI",54.8,99404
10510,"lower_CI",20.8,597
10510,"upper_CI",33.1,99402
10511,"lower_CI",21,599
10511,"upper_CI",31.2,99400
10512,"lower_CI",33.2,601
10512,"upper_CI",43.6,99398
10513,"lower_CI",24.3,603
10513,"upper_CI",38.8,99396
10514,"lower_CI",39.7,605
10514,"upper_CI",56.7,99394
10515,"lower_CI",18.3,607
10515,"upper_CI",32.4,99392
10516,"lower_CI",29,609
10516,"upper_CI",52.4,99390
10517,"lower_CI",27.4,611
10517,"upper_CI",46.6,99388
10518,"lower_CI",41.4,613
10518,"upper_CI",56.6,99386
10519,"lower_CI",19.1,615
10519,"upper_CI",36.4,99384
10520,"lower_CI",23.5,617
10520,"upper_CI",31.1,99382
10521,"lower_CI",33.6,619
10521,"upper_CI",46.2,99380
10522,"lower_CI",28,621
10522,"upper_CI",35,99378
10523,"lower_CI",39.4,623
10523,"upper_CI",53.2,99376
10524,"lower_CI",25.6,625
10524,"upper_CI",39.5,99374
10525,"lower_CI",36.8,627
10525,"upper_CI",62.6,99372
10526,"lower_CI",21.3,629
10526,"upper_CI",34.5,99370
10527,"lower_CI",24.1,631
10527,"upper_CI",31.1,99368
10528,"lower_CI",36.2,633
10528,"upper_CI",44.1,99366
10529,"lower_CI",30.2,635
10529,"upper_CI",52.2,99364
10530,"lower_CI",24.1,637
10530,"upper_CI",73.8,99362
10531,"lower_CI",16.6,639
10531,"upper_CI",44.1,99360
10532,"lower_CI",43.7,641
10532,"upper_CI",59.5,99358
10533,"lower_CI",14.2,643
10533,"upper_CI",29.8,99356
10534,"lower_CI",4.3,645
10534,"upper_CI",32.5,99354
10535,"lower_CI",17.8,647
10535,"upper_CI",40.2,99352
10536,"lower_CI",21.4,649
10536,"upper_CI",32.9,99350
10537,"lower_CI",40,651
10537,"upper_CI",51.1,99348
10538,"lower_CI",31.6,653
10538,"upper_CI",45.9,99346
10539,"lower_CI",47.7,655
10539,"upper_CI",68,99344
10540,"lower_CI",12.8,657
10540,"upper_CI",30.3,99342
10541,"lower_CI",11,659
10541,"upper_CI",23.8,99340
10542,"lower_CI",19.7,661
10542,"upper_CI",39.1,99338
10543,"lower_CI",15.4,663
10543,"upper_CI",32.1,99336
10544,"lower_CI",35.7,665
10544,"upper_CI",51.8,99334
10545,"lower_CI",25.1,667
10545,"upper_CI",39.1,99332
10546,"lower_CI",33.8,669
10546,"upper_CI",55.6,99330
10547,"lower_CI",18.2,671
10547,"upper_CI",24.7,99328
10548,"lower_CI",16.7,673
10548,"upper_CI",38.7,99326
10549,"lower_CI",29,675
10549,"upper_CI",42.7,99324
10550,"lower_CI",26.6,677
10550,"upper_CI",36.1,99322
10551,"lower_CI",35.5,679
10551,"upper_CI",57.3,99320
10552,"lower_CI",24.4,681
10552,"upper_CI",42,99318
10553,"lower_CI",17.3,683
10553,"upper_CI",35.4,99316
10554,"lower_CI",21.8,685
10554,"upper_CI",28.3,99314
10555,"lower_CI",31.3,687
10555,"upper_CI",40.6,99312
10556,"lower_CI",31,689
10556,"upper_CI",38,99310
10557,"lower_CI",37.8,691
10557,"upper_CI",56.6,99308
10558,"lower_CI",21.9,693
10558,"upper_CI",43.9,99306
10559,"lower_CI",20.1,695
10559,"upper_CI",40.2,99304
10560,"lower_CI",22.4,697
10560,"upper_CI",32.9,99302
10561,"lower_CI",35.8,699
10561,"upper_CI",50.4,99300
10562,"lower_CI",20.7,701
10562,"upper_CI",28.5,99298
10563,"lower_CI",44.5,703
10563,"upper_CI",63,99296
10564,"lower_CI",20.9,705
10564,"upper_CI",41.4,99294
10565,"lower_CI",37.5,707
10565,"upper_CI",53.4,99292
10566,"lower_CI",31.6,709
10566,"upper_CI",42.9,99290
10567,"lower_CI",24.5,711
10567,"upper_CI",41.9,99288
10568,"lower_CI",30.5,713
10568,"upper_CI",39.2,99286
10569,"lower_CI",43.8,715
10569,"upper_CI",53.3,99284
10570,"lower_CI",32.2,717
10570,"upper_CI",38.7,99282
10571,"lower_CI",30.9,719
10571,"upper_CI",49.3,99280
10572,"lower_CI",14.6,721
10572,"upper_CI",27.4,99278
10573,"lower_CI",19.4,723
10573,"upper_CI",41.8,99276
10574,"lower_CI",16.3,725
10574,"upper_CI",37,99274
10575,"lower_CI",14.4,727
10575,"upper_CI",28.7,99272
10576,"lower_CI",17.2,729
10576,"upper_CI",23.9,99270
10577,"lower_CI",27.9,731
10577,"upper_CI",36,99268
10691,"lower_CI",8.3,733
10691,"upper_CI",13,99266
10692,"lower_CI",23.1,735
10692,"upper_CI",33.6,99264
10694,"lower_CI",43.6,737
10694,"upper_CI",57.2,99262
10697,"lower_CI",81.5,739
10697,"upper_CI",94.3,99260
10698,"lower_CI",84.8,741
10698,"upper_CI",97.4,99258
10703,"lower_CI",60.4,743
10703,"upper_CI",75.7,99256
10704,"lower_CI",11.5,745
10704,"upper_CI",20.9,99254
10705,"lower_CI",10.6,747
10705,"upper_CI",21,99252
10706,"lower_CI",50.9,749
10706,"upper_CI",67.2,99250
10708,"lower_CI",3.5,751
10708,"upper_CI",8,99248
10710,"lower_CI",81,753
10710,"upper_CI",92.7,99246
10001,"lower_CI",6,755
10001,"upper_CI",15.1,99244
10002,"lower_CI",1.7,757
10002,"upper_CI",14.8,99242
10003,"lower_CI",2,759
10003,"upper_CI",16.6,99240
10004,"lower_CI",0.6,761
10004,"upper_CI",33.3,99238
10005,"lower_CI",4.6,763
10005,"upper_CI",11.2,99236
10006,"lower_CI",3,765
10006,"upper_CI",18.3,99234
10007,"lower_CI",6.9,767
10007,"upper_CI",18.8,99232
10008,"lower_CI",3.2,769
10008,"upper_CI",11.2,99230
10009,"lower_CI",1.3,771
10009,"upper_CI",20.6,99228
10010,"lower_CI",7.8,773
10010,"upper_CI",18.6,99226
10011,"lower_CI",4.8,775
10011,"upper_CI",14.3,99224
10012,"lower_CI",5.3,777
10012,"upper_CI",15.8,99222
10013,"lower_CI",1.7,779
10013,"upper_CI",24.4,99220
10014,"lower_CI",0,781
10014,"upper_CI",20.7,99218
10015,"lower_CI",7.4,783
10015,"upper_CI",14.8,99216
10016,"lower_CI",0.9,785
10016,"upper_CI",9.5,99214
10017,"lower_CI",2.3,787
10017,"upper_CI",8.9,99212
10018,"lower_CI",0,789
10018,"upper_CI",33.1,99210
10019,"lower_CI",3.5,791
10019,"upper_CI",14.7,99208
10020,"lower_CI",7.6,793
10020,"upper_CI",19.6,99206
10021,"lower_CI",7.2,795
10021,"upper_CI",18.6,99204
10022,"lower_CI",1.3,797
10022,"upper_CI",10.8,99202
10023,"lower_CI",3.4,799
10023,"upper_CI",27.6,99200
10024,"lower_CI",8.2,801
10024,"upper_CI",19.4,99198
10025,"lower_CI",5.8,803
10025,"upper_CI",14.3,99196
10026,"lower_CI",7,805
10026,"upper_CI",15.3,99194
10027,"lower_CI",0.8,807
10027,"upper_CI",26.2,99192
10028,"lower_CI",0,809
10028,"upper_CI",20.7,99190
10029,"lower_CI",75.7,811
10029,"upper_CI",88.1,99188
10030,"lower_CI",75.9,813
10030,"upper_CI",100,99186
10031,"lower_CI",75.1,815
10031,"upper_CI",94,99184
10032,"lower_CI",66.3,817
10032,"upper_CI",98.2,99182
10033,"lower_CI",78,819
10033,"upper_CI",89.9,99180
10034,"lower_CI",68.4,821
10034,"upper_CI",89.8,99178
10035,"lower_CI",70,823
10035,"upper_CI",86.4,99176
10036,"lower_CI",82.9,825
10036,"upper_CI",93,99174
10037,"lower_CI",68.6,827
10037,"upper_CI",92,99172
10038,"lower_CI",68.8,829
10038,"upper_CI",82.3,99170
10039,"lower_CI",77.5,831
10039,"upper_CI",91.3,99168
10040,"lower_CI",73.8,833
10040,"upper_CI",89.3,99166
10041,"lower_CI",67.9,835
10041,"upper_CI",90.5,99164
10042,"lower_CI",73,837
10042,"upper_CI",100,99162
10043,"lower_CI",11.3,839
10043,"upper_CI",23.4,99160
10044,"lower_CI",0,841
10044,"upper_CI",24.1,99158
10045,"lower_CI",3.3,843
10045,"upper_CI",23.2,99156
10046,"lower_CI",0.6,845
10046,"upper_CI",33.3,99154
10047,"lower_CI",10,847
10047,"upper_CI",20.6,99152
10048,"lower_CI",10.1,849
10048,"upper_CI",30.8,99150
10049,"lower_CI",12.5,851
10049,"upper_CI",29.1,99148
10050,"lower_CI",6.3,853
10050,"upper_CI",15.9,99146
10051,"lower_CI",8,855
10051,"upper_CI",31.4,99144
10052,"lower_CI",16.2,857
10052,"upper_CI",29.6,99142
10053,"lower_CI",8.2,859
10053,"upper_CI",22,99140
10054,"lower_CI",10.1,861
10054,"upper_CI",25.2,99138
10055,"lower_CI",8.8,863
10055,"upper_CI",31.8,99136
10056,"lower_CI",0,865
10056,"upper_CI",22.3,99134
10057,"lower_CI",0.1,867
10057,"upper_CI",1.5,99132
10058,"lower_CI",,869
10058,"upper_CI",,99130
10059,"lower_CI",0,871
10059,"upper_CI",4.4,99128
10060,"lower_CI",0,873
10060,"upper_CI",2.3,99126
10061,"lower_CI",0,875
10061,"upper_CI",2.4,99124
10062,"lower_CI",0,877
10062,"upper_CI",1.4,99122
10063,"lower_CI",0.1,879
10063,"upper_CI",2,99120
10064,"lower_CI",0,881
10064,"upper_CI",2.4,99118
10065,"lower_CI",,883
10065,"upper_CI",,99116
10066,"lower_CI",0,885
10066,"upper_CI",3.4,99114
10067,"lower_CI",0,887
10067,"upper_CI",1.1,99112
10068,"lower_CI",0,889
10068,"upper_CI",1.6,99110
10069,"lower_CI",0,891
10069,"upper_CI",1.6,99108
10070,"lower_CI",0,893
10070,"upper_CI",8.4,99106
10139,"lower_CI",31.2,895
10139,"upper_CI",43.9,99104
10140,"lower_CI",27.8,897
10140,"upper_CI",48.9,99102
10141,"lower_CI",20.4,899
10141,"upper_CI",39.6,99100
10142,"lower_CI",40.6,901
10142,"upper_CI",90.9,99098
10143,"lower_CI",28.9,903
10143,"upper_CI",48.7,99096
10144,"lower_CI",23.9,905
10144,"upper_CI",44.5,99094
10145,"lower_CI",27.2,907
10145,"upper_CI",43.7,99092
10146,"lower_CI",29.1,909
10146,"upper_CI",44.9,99090
10147,"lower_CI",30.6,911
10147,"upper_CI",55.9,99088
10148,"lower_CI",20.6,913
10148,"upper_CI",45.8,99086
10149,"lower_CI",29.7,915
10149,"upper_CI",44.1,99084
10150,"lower_CI",27,917
10150,"upper_CI",39.9,99082
10151,"lower_CI",41.3,919
10151,"upper_CI",77.7,99080
10152,"lower_CI",16.7,921
10152,"upper_CI",67.5,99078
10153,"lower_CI",81,923
10153,"upper_CI",95.7,99076
10154,"lower_CI",88.1,925
10154,"upper_CI",100,99074
10155,"lower_CI",88.8,927
10155,"upper_CI",100,99072
10156,"lower_CI",57.2,929
10156,"upper_CI",100,99070
10157,"lower_CI",85.3,931
10157,"upper_CI",97.1,99068
10158,"lower_CI",75.8,933
10158,"upper_CI",99.8,99066
10159,"lower_CI",64.5,935
10159,"upper_CI",93,99064
10160,"lower_CI",90.8,937
10160,"upper_CI",100,99062
10161,"lower_CI",88.6,939
10161,"upper_CI",100,99060
10162,"lower_CI",70.4,941
10162,"upper_CI",100,99058
10163,"lower_CI",79.3,943
10163,"upper_CI",97.3,99056
10164,"lower_CI",80.9,945
10164,"upper_CI",97.1,99054
10165,"lower_CI",66.1,947
10165,"upper_CI",100,99052
10166,"lower_CI",100,949
10166,"upper_CI",100,99050
10167,"lower_CI",22.3,951
10167,"upper_CI",31.1,99048
10168,"lower_CI",14.1,953
10168,"upper_CI",32.4,99046
10169,"lower_CI",12.1,955
10169,"upper_CI",26.8,99044
10170,"lower_CI",30.2,957
10170,"upper_CI",72.4,99042
10171,"lower_CI",21.1,959
10171,"upper_CI",38.3,99040
10172,"lower_CI",18.1,961
10172,"upper_CI",30.9,99038
10173,"lower_CI",19.8,963
10173,"upper_CI",33.9,99036
10174,"lower_CI",20.7,965
10174,"upper_CI",33.5,99034
10175,"lower_CI",14,967
10175,"upper_CI",37.2,99032
10176,"lower_CI",22.2,969
10176,"upper_CI",34.9,99030
10177,"lower_CI",20.8,971
10177,"upper_CI",30,99028
10178,"lower_CI",18.8,973
10178,"upper_CI",26.9,99026
10179,"lower_CI",32,975
10179,"upper_CI",60.2,99024
10180,"lower_CI",12.7,977
10180,"upper_CI",48.6,99022
10181,"lower_CI",74.4,979
10181,"upper_CI",91.7,99020
10182,"lower_CI",80.5,981
10182,"upper_CI",100,99018
10183,"lower_CI",74.9,983
10183,"upper_CI",95.5,99016
10184,"lower_CI",72.9,985
10184,"upper_CI",95.9,99014
10185,"lower_CI",64.6,987
10185,"upper_CI",89.4,99012
10186,"lower_CI",64.5,989
10186,"upper_CI",97.9,99010
10187,"lower_CI",56.3,991
10187,"upper_CI",86.2,99008
10188,"lower_CI",83,993
10188,"upper_CI",98.4,99006
10189,"lower_CI",93.9,995
10189,"upper_CI",100,99004
10190,"lower_CI",54.6,997
10190,"upper_CI",99.3,99002
10191,"lower_CI",76.9,999
10191,"upper_CI",93.9,99000
10192,"lower_CI",71,1001
10192,"upper_CI",94.8,98998
10193,"lower_CI",77.2,1003
10193,"upper_CI",96.1,98996
10194,"lower_CI",37.7,1005
10194,"upper_CI",93.4,98994
10195,"lower_CI",6.5,1007
10195,"upper_CI",14.9,98992
10196,"lower_CI",2.8,1009
10196,"upper_CI",15.2,98990
10197,"lower_CI",0,1011
10197,"upper_CI",4.7,98988
10198,"lower_CI",0,1013
10198,"upper_CI",48.1,98986
10199,"lower_CI",10.7,1015
10199,"upper_CI",18.7,98984
10200,"lower_CI",6.5,1017
10200,"upper_CI",17,98982
10201,"lower_CI",4.9,1019
10201,"upper_CI",20.5,98980
10202,"lower_CI",3.9,1021
10202,"upper_CI",13.3,98978
10203,"lower_CI",4,1023
10203,"upper_CI",15.4,98976
10204,"lower_CI",4.9,1025
10204,"upper_CI",19.8,98974
10205,"lower_CI",5.7,1027
10205,"upper_CI",14.3,98972
10206,"lower_CI",5.8,1029
10206,"upper_CI",12.3,98970
10207,"lower_CI",1.7,1031
10207,"upper_CI",41.3,98968
10208,"lower_CI",0,1033
10208,"upper_CI",22.3,98966
10209,"lower_CI",5.6,1035
10209,"upper_CI",14.9,98964
10210,"lower_CI",0,1037
10210,"upper_CI",12.9,98962
10211,"lower_CI",0,1039
10211,"upper_CI",4.2,98960
10212,"lower_CI",0,1041
10212,"upper_CI",43.3,98958
10213,"lower_CI",8.2,1043
10213,"upper_CI",18.5,98956
10214,"lower_CI",5.1,1045
10214,"upper_CI",19.2,98954
10215,"lower_CI",5.5,1047
10215,"upper_CI",24.6,98952
10216,"lower_CI",2,1049
10216,"upper_CI",8.6,98950
10217,"lower_CI",2.2,1051
10217,"upper_CI",12.8,98948
10218,"lower_CI",5.1,1053
10218,"upper_CI",21.6,98946
10219,"lower_CI",5.2,1055
10219,"upper_CI",12.9,98944
10220,"lower_CI",4.5,1057
10220,"upper_CI",14.3,98942
10221,"lower_CI",0,1059
10221,"upper_CI",34.3,98940
10222,"lower_CI",0,1061
10222,"upper_CI",20.7,98938
10223,"lower_CI",1.6,1063
10223,"upper_CI",5.3,98936
10224,"lower_CI",0,1065
10224,"upper_CI",8.8,98934
10225,"lower_CI",0,1067
10225,"upper_CI",4.2,98932
10226,"lower_CI",0,1069
10226,"upper_CI",24.7,98930
10227,"lower_CI",1.5,1071
10227,"upper_CI",3.5,98928
10228,"lower_CI",0.1,1073
10228,"upper_CI",3.5,98926
10229,"lower_CI",1.8,1075
10229,"upper_CI",9.7,98924
10230,"lower_CI",0,1077
10230,"upper_CI",4.1,98922
10231,"lower_CI",0,1079
10231,"upper_CI",1.8,98920
10232,"lower_CI",2.3,1081
10232,"upper_CI",9.6,98918
10233,"lower_CI",0.3,1083
10233,"upper_CI",4.6,98916
10234,"lower_CI",1.3,1085
10234,"upper_CI",4.6,98914
10235,"lower_CI",0,1087
10235,"upper_CI",17.2,98912
10236,"lower_CI",,1089
10236,"upper_CI",,98910
10237,"lower_CI",3.6,1091
10237,"upper_CI",11.1,98908
10238,"lower_CI",0,1093
10238,"upper_CI",42.6,98906
10239,"lower_CI",0.9,1095
10239,"upper_CI",6.8,98904
10240,"lower_CI",0,1097
10240,"upper_CI",21.4,98902
10241,"lower_CI",0.9,1099
10241,"upper_CI",6.6,98900
10242,"lower_CI",1.1,1101
10242,"upper_CI",11.3,98898
10243,"lower_CI",2.3,1103
10243,"upper_CI",15.4,98896
10244,"lower_CI",1.3,1105
10244,"upper_CI",10.1,98894
10245,"lower_CI",0.1,1107
10245,"upper_CI",13.3,98892
10246,"lower_CI",0.9,1109
10246,"upper_CI",11.5,98890
10247,"lower_CI",4.3,1111
10247,"upper_CI",11.7,98888
10248,"lower_CI",3,1113
10248,"upper_CI",11.3,98886
10249,"lower_CI",1.6,1115
10249,"upper_CI",18.2,98884
10250,"lower_CI",0,1117
10250,"upper_CI",22.6,98882
10251,"lower_CI",7.7,1119
10251,"upper_CI",16.5,98880
10252,"lower_CI",0,1121
10252,"upper_CI",42.3,98878
10253,"lower_CI",2.7,1123
10253,"upper_CI",9.9,98876
10254,"lower_CI",0,1125
10254,"upper_CI",43.3,98874
10255,"lower_CI",8.8,1127
10255,"upper_CI",21.3,98872
10256,"lower_CI",6.3,1129
10256,"upper_CI",15.8,98870
10257,"lower_CI",7.2,1131
10257,"upper_CI",22.1,98868
10258,"lower_CI",2.9,1133
10258,"upper_CI",15.3,98866
10259,"lower_CI",4.3,1135
10259,"upper_CI",18.1,98864
10260,"lower_CI",10.2,1137
10260,"upper_CI",26.7,98862
10261,"lower_CI",5.4,1139
10261,"upper_CI",13.6,98860
10262,"lower_CI",7.4,1141
10262,"upper_CI",15.9,98858
10263,"lower_CI",0,1143
10263,"upper_CI",34.3,98856
10264,"lower_CI",0,1145
10264,"upper_CI",2.9,98854
10265,"lower_CI",1.4,1147
10265,"upper_CI",3.5,98852
10266,"lower_CI",,1149
10266,"upper_CI",,98850
10267,"lower_CI",0.9,1151
10267,"upper_CI",7.4,98848
10268,"lower_CI",0,1153
10268,"upper_CI",6.3,98846
10269,"lower_CI",0,1155
10269,"upper_CI",4.9,98844
10270,"lower_CI",1,1157
10270,"upper_CI",3.8,98842
10271,"lower_CI",0,1159
10271,"upper_CI",2.8,98840
10272,"lower_CI",0.4,1161
10272,"upper_CI",4.3,98838
10273,"lower_CI",0.5,1163
10273,"upper_CI",9.9,98836
10274,"lower_CI",1.4,1165
10274,"upper_CI",7.8,98834
10275,"lower_CI",0.4,1167
10275,"upper_CI",2.7,98832
10276,"lower_CI",1.3,1169
10276,"upper_CI",3.7,98830
10277,"lower_CI",0.1,1171
10277,"upper_CI",5.2,98828
10278,"lower_CI",0,1173
10278,"upper_CI",9,98826
10134,"lower_CI",20.06,1175
10134,"upper_CI",26.25,98824
10135,"lower_CI",2.5,1177
10135,"upper_CI",5.36,98822
10136,"lower_CI",74.91,1179
10136,"upper_CI",80.95,98820
10137,"lower_CI",14.73,1181
10137,"upper_CI",20.29,98818
10138,"lower_CI",3.09,1183
10138,"upper_CI",6.03,98816
10626,"lower_CI",15.24,1185
10626,"upper_CI",21.71,98814
10627,"lower_CI",12.85,1187
10627,"upper_CI",18.97,98812
10628,"lower_CI",11.71,1189
10628,"upper_CI",17.54,98810
10325,"lower_CI",,1191
10325,"upper_CI",,98808
10326,"lower_CI",,1193
10326,"upper_CI",,98806
10327,"lower_CI",,1195
10327,"upper_CI",,98804
10328,"lower_CI",,1197
10328,"upper_CI",,98802
10329,"lower_CI",,1199
10329,"upper_CI",,98800
10330,"lower_CI",,1201
10330,"upper_CI",,98798
10331,"lower_CI",,1203
10331,"upper_CI",,98796
10332,"lower_CI",,1205
10332,"upper_CI",,98794
10333,"lower_CI",,1207
10333,"upper_CI",,98792
10334,"lower_CI",,1209
10334,"upper_CI",,98790
10335,"lower_CI",,1211
10335,"upper_CI",,98788
10336,"lower_CI",,1213
10336,"upper_CI",,98786
10337,"lower_CI",,1215
10337,"upper_CI",,98784
10338,"lower_CI",,1217
10338,"upper_CI",,98782
10339,"lower_CI",,1219
10339,"upper_CI",,98780
10340,"lower_CI",,1221
10340,"upper_CI",,98778
10341,"lower_CI",,1223
10341,"upper_CI",,98776
10342,"lower_CI",,1225
10342,"upper_CI",,98774
10343,"lower_CI",,1227
10343,"upper_CI",,98772
10344,"lower_CI",,1229
10344,"upper_CI",,98770
10345,"lower_CI",,1231
10345,"upper_CI",,98768
10346,"lower_CI",,1233
10346,"upper_CI",,98766
10347,"lower_CI",,1235
10347,"upper_CI",,98764
10348,"lower_CI",,1237
10348,"upper_CI",,98762
10349,"lower_CI",,1239
10349,"upper_CI",,98760
10350,"lower_CI",,1241
10350,"upper_CI",,98758
10351,"lower_CI",,1243
10351,"upper_CI",,98756
10279,"lower_CI",22.9,1245
10279,"upper_CI",33.6,98754
10280,"lower_CI",19.5,1247
10280,"upper_CI",51.7,98752
10281,"lower_CI",20.8,1249
10281,"upper_CI",45.5,98750
10282,"lower_CI",20.3,1251
10282,"upper_CI",37.7,98748
10283,"lower_CI",17.8,1253
10283,"upper_CI",29,98746
10284,"lower_CI",18.1,1255
10284,"upper_CI",39.7,98744
10285,"lower_CI",19.5,1257
10285,"upper_CI",37.1,98742
10286,"lower_CI",21,1259
10286,"upper_CI",35.3,98740
10287,"lower_CI",22.3,1261
10287,"upper_CI",33.8,98738
10288,"lower_CI",16.6,1263
10288,"upper_CI",48.7,98736
10289,"lower_CI",13.4,1265
10289,"upper_CI",27,98734
10290,"lower_CI",25.4,1267
10290,"upper_CI",40,98732
10291,"lower_CI",24.5,1269
10291,"upper_CI",37.8,98730
10292,"lower_CI",14.1,1271
10292,"upper_CI",32.2,98728
10293,"lower_CI",50.3,1273
10293,"upper_CI",61.5,98726
10294,"lower_CI",48.9,1275
10294,"upper_CI",72.6,98724
10295,"lower_CI",37.6,1277
10295,"upper_CI",71.2,98722
10296,"lower_CI",48.3,1279
10296,"upper_CI",68.1,98720
10297,"lower_CI",43.5,1281
10297,"upper_CI",58.3,98718
10298,"lower_CI",58,1283
10298,"upper_CI",80,98716
10299,"lower_CI",53.3,1285
10299,"upper_CI",68,98714
10300,"lower_CI",47.4,1287
10300,"upper_CI",59.8,98712
10301,"lower_CI",49.2,1289
10301,"upper_CI",61.2,98710
10302,"lower_CI",57,1291
10302,"upper_CI",80.9,98708
10303,"lower_CI",40.8,1293
10303,"upper_CI",54.2,98706
10304,"lower_CI",52.8,1295
10304,"upper_CI",68.2,98704
10305,"lower_CI",52.5,1297
10305,"upper_CI",65.8,98702
10306,"lower_CI",40.3,1299
10306,"upper_CI",59.9,98700
10629,"lower_CI",37.3,1301
10629,"upper_CI",55.9,98698
10630,"lower_CI",21.8,1303
10630,"upper_CI",34.5,98696
10631,"lower_CI",6.1,1305
10631,"upper_CI",23.1,98694
10632,"lower_CI",17.3,1307
10632,"upper_CI",25.4,98692
10633,"lower_CI",5.9,1309
10633,"upper_CI",13.1,98690
10634,"lower_CI",18.8,1311
10634,"upper_CI",42.4,98688
10635,"lower_CI",37.1,1313
10635,"upper_CI",54.9,98686
10636,"lower_CI",3.5,1315
10636,"upper_CI",15.1,98684
10637,"lower_CI",37,1317
10637,"upper_CI",84.6,98682
10638,"lower_CI",26.3,1319
10638,"upper_CI",65.9,98680
10639,"lower_CI",29.5,1321
10639,"upper_CI",55.3,98678
10640,"lower_CI",35.4,1323
10640,"upper_CI",56.4,98676
10641,"lower_CI",31.9,1325
10641,"upper_CI",75.4,98674
10642,"lower_CI",31.7,1327
10642,"upper_CI",61.4,98672
10643,"lower_CI",37.5,1329
10643,"upper_CI",56.4,98670
10644,"lower_CI",38.9,1331
10644,"upper_CI",56.8,98668
10645,"lower_CI",6.8,1333
10645,"upper_CI",57.8,98666
10646,"lower_CI",31.4,1335
10646,"upper_CI",57.2,98664
10647,"lower_CI",35.5,1337
10647,"upper_CI",60.6,98662
10648,"lower_CI",43.3,1339
10648,"upper_CI",64.6,98660
10649,"lower_CI",21.3,1341
10649,"upper_CI",48.5,98658
10650,"lower_CI",17.7,1343
10650,"upper_CI",74.8,98656
10651,"lower_CI",18.8,1345
10651,"upper_CI",54.6,98654
10652,"lower_CI",17.2,1347
10652,"upper_CI",46.9,98652
10653,"lower_CI",12.6,1349
10653,"upper_CI",40.9,98650
10654,"lower_CI",1.8,1351
10654,"upper_CI",20.3,98648
10655,"lower_CI",13.5,1353
10655,"upper_CI",48.9,98646
10656,"lower_CI",16.2,1355
10656,"upper_CI",44.4,98644
10657,"lower_CI",19,1357
10657,"upper_CI",43.7,98642
10658,"lower_CI",2,1359
10658,"upper_CI",22.7,98640
10659,"lower_CI",9.3,1361
10659,"upper_CI",51.9,98638
10660,"lower_CI",17.5,1363
10660,"upper_CI",43.8,98636
10661,"lower_CI",23.8,1365
10661,"upper_CI",56.7,98634
10662,"lower_CI",6.7,1367
10662,"upper_CI",24.1,98632
10663,"lower_CI",33.3,1369
10663,"upper_CI",74.4,98630
10664,"lower_CI",35.3,1371
10664,"upper_CI",75.6,98628
10665,"lower_CI",27.4,1373
10665,"upper_CI",50.5,98626
10666,"lower_CI",35,1375
10666,"upper_CI",52.8,98624
10667,"lower_CI",25.5,1377
10667,"upper_CI",76.8,98622
10668,"lower_CI",28.3,1379
10668,"upper_CI",55.2,98620
10669,"lower_CI",38.1,1381
10669,"upper_CI",57.7,98618
10670,"lower_CI",37.8,1383
10670,"upper_CI",55.5,98616
10671,"lower_CI",6.8,1385
10671,"upper_CI",57.8,98614
10672,"lower_CI",30.4,1387
10672,"upper_CI",54.2,98612
10673,"lower_CI",36.2,1389
10673,"upper_CI",60.6,98610
10674,"lower_CI",40.3,1391
10674,"upper_CI",62.7,98608
10675,"lower_CI",24.5,1393
10675,"upper_CI",50,98606
10676,"lower_CI",0,1395
10676,"upper_CI",15.2,98604
10677,"lower_CI",2.3,1397
10677,"upper_CI",39.1,98602
10678,"lower_CI",3.1,1399
10678,"upper_CI",18.9,98600
10679,"lower_CI",0.1,1401
10679,"upper_CI",7.4,98598
10680,"lower_CI",0,1403
10680,"upper_CI",22.8,98596
10681,"lower_CI",2.5,1405
10681,"upper_CI",19.9,98594
10682,"lower_CI",2.4,1407
10682,"upper_CI",14.6,98592
10683,"lower_CI",3.8,1409
10683,"upper_CI",16.5,98590
10684,"lower_CI",0,1411
10684,"upper_CI",0,98588
10685,"lower_CI",0.3,1413
10685,"upper_CI",12.1,98586
10686,"lower_CI",2.7,1415
10686,"upper_CI",20,98584
10687,"lower_CI",2.7,1417
10687,"upper_CI",16.2,98582
10688,"lower_CI",0,1419
10688,"upper_CI",19.6,98580
